1	1	1580	17	47.87	50.2635	2011-08-29 00:00:00	1	5	3	CS 	2011-08-29 00:00:00
2	2	1688	19	39.92	41.916	2011-08-29 00:00:00	1	5	3	CTN	2011-08-29 00:00:00
3	4	1650	17	54.31	57.0255	2011-08-29 00:00:00	1	5		CTN	2011-08-29 00:00:00
4	317	1578	19	28.17	29.5785	2011-08-29 00:00:00	100	1000	300	EA 	2011-08-29 00:00:00
5	317	1678	17	25.77	27.0585	2011-08-25 00:00:00	100	1000		EA 	2011-08-25 00:00:00
6	318	1578	19	34.38	36.099	2011-08-29 00:00:00	100	1000		EA 	2011-08-29 00:00:00
7	318	1678	17	31.98	33.579	2011-08-25 00:00:00	100	1000	300	EA 	2011-08-25 00:00:00
8	319	1556	19	44.21	46.4205	2011-08-29 00:00:00	100	1000	300	EA 	2011-08-29 00:00:00
9	319	1578	19	46.27	48.5835	2011-08-29 00:00:00	100	1000		EA 	2011-08-29 00:00:00
10	319	1678	17	43.87	46.0635	2011-08-25 00:00:00	100	1000		EA 	2011-08-25 00:00:00
11	320	1514	19	47.28	49.644	2011-08-29 00:00:00	1	5	3	CAN	2011-08-29 00:00:00
12	320	1602	17	45.21	47.4705	2011-08-19 00:00:00	1	5		CAN	2011-08-19 00:00:00
13	320	1604	17	43.21	45.3705	2011-08-25 00:00:00	1	5		CAN	2011-08-25 00:00:00
14	321	1514	19	42.21	44.3205	2011-08-29 00:00:00	1	5		CAN	2011-08-29 00:00:00
15	321	1602	17	40.76	42.798	2011-08-19 00:00:00	1	5		CAN	2011-08-19 00:00:00
16	321	1604	17	38.56	40.488	2011-08-25 00:00:00	1	5		CAN	2011-08-25 00:00:00
17	322	1514	19	27.33	28.6965	2011-08-24 00:00:00	20	100		DZ 	2011-08-24 00:00:00
18	322	1602	17	24.21	25.4205	2011-08-25 00:00:00	20	100		DZ 	2011-08-25 00:00:00
19	322	1604	17	25.11	26.3655	2011-08-25 00:00:00	20	100		DZ 	2011-08-25 00:00:00
20	323	1698	17	47.87	50.2635	2011-08-25 00:00:00	1	5		CS 	2011-08-25 00:00:00
21	325	1590	19	0.2	0.21	2011-08-29 00:00:00	500	2000		EA 	2011-08-29 00:00:00
22	326	1590	19	0.2	0.21	2011-08-29 00:00:00	500	2000		EA 	2011-08-29 00:00:00
23	332	1608	19	10.3	10.815	2011-08-29 00:00:00	100	1000		EA 	2011-08-29 00:00:00
24	341	1598	15	39.21	41.1705	2011-08-26 00:00:00	1	5	3	CTN	2011-08-26 00:00:00
25	341	1614	19	45.31	47.5755	2011-08-28 00:00:00	1	5		CTN	2011-08-28 00:00:00
26	341	1622	19	45.21	47.4705	2011-08-22 00:00:00	1	5		CTN	2011-08-22 00:00:00
27	342	1598	15	37.21	39.0705	2011-08-26 00:00:00	1	5	3	CTN	2011-08-26 00:00:00
28	342	1614	19	43.31	45.4755	2011-08-28 00:00:00	1	5		CTN	2011-08-28 00:00:00
29	342	1622	19	43.21	45.3705	2011-08-22 00:00:00	1	5		CTN	2011-08-22 00:00:00
30	343	1598	15	41.28	43.344	2011-08-26 00:00:00	1	5		CTN	2011-08-26 00:00:00
31	343	1614	19	47.38	49.749	2011-08-28 00:00:00	1	5		CTN	2011-08-28 00:00:00
32	343	1622	19	47.28	49.644	2011-08-22 00:00:00	1	5		CTN	2011-08-22 00:00:00
33	344	1598	15	37.21	39.0705	2011-08-07 00:00:00	1	5	3	CTN	2011-08-07 00:00:00
34	344	1614	19	43.31	45.4755	2011-08-28 00:00:00	1	5		CTN	2011-08-28 00:00:00
35	344	1622	19	43.21	45.3705	2011-08-28 00:00:00	1	5		CTN	2011-08-28 00:00:00
36	345	1598	15	35.21	36.9705	2011-08-07 00:00:00	1	5	3	CTN	2011-08-07 00:00:00
37	345	1614	19	41.31	43.3755	2011-08-28 00:00:00	1	5		CTN	2011-08-28 00:00:00
38	345	1622	19	41.21	43.2705	2011-08-28 00:00:00	1	5		CTN	2011-08-28 00:00:00
39	346	1598	15	39.28	41.244	2011-08-13 00:00:00	1	5		CTN	2011-08-13 00:00:00
40	346	1614	19	45.38	47.649	2011-08-28 00:00:00	1	5		CTN	2011-08-28 00:00:00
41	346	1622	19	45.28	47.544	2011-08-28 00:00:00	1	5		CTN	2011-08-28 00:00:00
42	347	1598	15	35.21	36.9705	2011-08-13 00:00:00	1	5	3	CTN	2011-08-13 00:00:00
43	347	1614	19	41.31	43.3755	2011-08-17 00:00:00	1	5		CTN	2011-08-17 00:00:00
44	347	1622	19	41.21	43.2705	2011-08-28 00:00:00	1	5		CTN	2011-08-28 00:00:00
45	348	1598	15	33.21	34.8705	2011-08-20 00:00:00	1	5	3	CTN	2011-08-20 00:00:00
46	348	1614	19	39.31	41.2755	2011-08-17 00:00:00	1	5		CTN	2011-08-17 00:00:00
47	348	1622	19	39.21	41.1705	2011-08-28 00:00:00	1	5		CTN	2011-08-28 00:00:00
48	349	1598	15	37.28	39.144	2011-08-20 00:00:00	1	5	3	CTN	2011-08-20 00:00:00
49	349	1614	19	43.38	45.549	2011-08-22 00:00:00	1	5		CTN	2011-08-22 00:00:00
50	349	1622	19	43.28	45.444	2011-08-18 00:00:00	1	5		CTN	2011-08-18 00:00:00
51	351	1544	15	5.5	5.775	2011-08-26 00:00:00	100	1000		EA 	2011-08-26 00:00:00
52	351	1694	15	5.9	6.195	2011-08-26 00:00:00	100	1000	300	EA 	2011-08-26 00:00:00
53	352	1544	15	1.1	1.155	2011-08-26 00:00:00	100	1000	300	EA 	2011-08-26 00:00:00
54	352	1694	15	1.4	1.47	2011-08-26 00:00:00	100	1000		EA 	2011-08-26 00:00:00
55	355	1508	15	1.3	1.365	2011-08-26 00:00:00	100	1000	300	EA 	2011-08-26 00:00:00
56	356	1516	18	3.43	3.6015	2011-08-27 00:00:00	20	100		PAK	2011-08-27 00:00:00
57	356	1572	16	3.22	3.381	2011-08-28 00:00:00	20	100	60	PAK	2011-08-28 00:00:00
58	357	1516	18	3.79	3.9795	2011-08-27 00:00:00	20	100		PAK	2011-08-27 00:00:00
59	357	1572	16	4.11	4.3155	2011-08-28 00:00:00	20	100	60	PAK	2011-08-28 00:00:00
60	358	1500	16	6.65	6.9825	2011-08-28 00:00:00	20	100	60	PAK	2011-08-28 00:00:00
61	359	1496	17	45.41	47.6805	2011-08-29 00:00:00	1	5	3	CS 	2011-08-29 00:00:00
62	359	1554	19	45.26	47.523	2011-08-11 00:00:00	1	5		CS 	2011-08-11 00:00:00
63	360	1496	17	43.41	45.5805	2011-08-29 00:00:00	1	5	3	CS 	2011-08-29 00:00:00
64	360	1554	19	43.26	45.423	2011-08-11 00:00:00	1	5		CS 	2011-08-11 00:00:00
65	361	1496	17	47.48	49.854	2011-08-05 00:00:00	1	5		CS 	2011-08-05 00:00:00
66	361	1554	19	47.33	49.6965	2011-08-18 00:00:00	1	5		CS 	2011-08-18 00:00:00
67	362	1496	17	43.41	45.5805	2011-08-05 00:00:00	1	5	3	CS 	2011-08-05 00:00:00
68	362	1554	19	43.26	45.423	2011-08-18 00:00:00	1	5		CS 	2011-08-18 00:00:00
69	363	1496	17	41.41	43.4805	2011-08-05 00:00:00	1	5		CS 	2011-08-05 00:00:00
70	363	1554	19	41.26	43.323	2011-08-18 00:00:00	1	5		CS 	2011-08-18 00:00:00
71	364	1496	17	45.48	47.754	2011-08-12 00:00:00	1	5	3	CS 	2011-08-12 00:00:00
72	364	1554	19	45.33	47.5965	2011-08-24 00:00:00	1	5		CS 	2011-08-24 00:00:00
73	365	1496	17	41.41	43.4805	2011-08-12 00:00:00	1	5		CS 	2011-08-12 00:00:00
74	365	1554	19	41.26	43.323	2011-08-24 00:00:00	1	5		CS 	2011-08-24 00:00:00
75	366	1496	17	39.41	41.3805	2011-08-12 00:00:00	1	5	3	CS 	2011-08-12 00:00:00
76	366	1554	19	39.26	41.223	2011-08-29 00:00:00	1	5		CS 	2011-08-29 00:00:00
77	367	1496	17	43.48	45.654	2011-08-12 00:00:00	1	5		CS 	2011-08-12 00:00:00
78	367	1554	19	43.33	45.4965	2011-08-29 00:00:00	1	5		CS 	2011-08-29 00:00:00
79	368	1496	17	39.41	41.3805	2011-08-12 00:00:00	1	5	3	CS 	2011-08-12 00:00:00
80	368	1554	19	39.26	41.223	2011-08-29 00:00:00	1	5		CS 	2011-08-29 00:00:00
81	369	1496	17	37.41	39.2805	2011-08-12 00:00:00	1	5	3	CS 	2011-08-12 00:00:00
82	369	1554	19	37.26	39.123	2011-08-29 00:00:00	1	5		CS 	2011-08-29 00:00:00
83	370	1496	17	41.48	43.554	2011-08-18 00:00:00	1	5	3	CS 	2011-08-18 00:00:00
84	370	1554	19	41.33	43.3965	2011-07-30 00:00:00	1	5		CS 	2011-07-30 00:00:00
85	371	1496	17	37.41	39.2805	2011-08-18 00:00:00	1	5		CS 	2011-08-18 00:00:00
86	371	1554	19	37.26	39.123	2011-07-30 00:00:00	1	5		CS 	2011-07-30 00:00:00
87	372	1496	17	35.41	37.1805	2011-08-18 00:00:00	1	5	3	CS 	2011-08-18 00:00:00
88	372	1554	19	35.26	37.023	2011-07-30 00:00:00	1	5		CS 	2011-07-30 00:00:00
89	373	1496	17	39.48	41.454	2011-08-18 00:00:00	1	5	3	CS 	2011-08-18 00:00:00
90	373	1554	19	39.33	41.2965	2011-07-30 00:00:00	1	5		CS 	2011-07-30 00:00:00
91	374	1496	17	35.41	37.1805	2011-08-24 00:00:00	1	5	3	CS 	2011-08-24 00:00:00
92	374	1554	19	35.26	37.023	2011-08-05 00:00:00	1	5		CS 	2011-08-05 00:00:00
93	375	1536	15	41.28	43.344	2011-08-13 00:00:00	1	5	3	CTN	2011-08-13 00:00:00
94	375	1562	16	41.21	43.2705	2011-08-10 00:00:00	1	5		CTN	2011-08-10 00:00:00
95	375	1656	16	41.21	43.2705	2011-07-29 00:00:00	1	5		CTN	2011-07-29 00:00:00
96	376	1536	15	37.21	39.0705	2011-08-13 00:00:00	1	5		CTN	2011-08-13 00:00:00
97	376	1562	16	39.21	41.1705	2011-08-10 00:00:00	1	5		CTN	2011-08-10 00:00:00
98	376	1656	16	45.28	47.544	2011-07-29 00:00:00	1	5		CTN	2011-07-29 00:00:00
99	377	1536	15	35.21	36.9705	2011-08-20 00:00:00	1	5	3	CTN	2011-08-20 00:00:00
100	377	1562	16	43.28	45.444	2011-08-17 00:00:00	1	5		CTN	2011-08-17 00:00:00
101	377	1656	16	41.21	43.2705	2011-08-04 00:00:00	1	5		CTN	2011-08-04 00:00:00
102	378	1536	15	39.28	41.244	2011-08-20 00:00:00	1	5	3	CTN	2011-08-20 00:00:00
103	378	1562	16	39.21	41.1705	2011-08-17 00:00:00	1	5		CTN	2011-08-17 00:00:00
104	378	1656	16	39.21	41.1705	2011-08-04 00:00:00	1	5		CTN	2011-08-04 00:00:00
105	379	1536	15	35.21	36.9705	2011-08-20 00:00:00	1	5		CTN	2011-08-20 00:00:00
106	379	1562	16	37.21	39.0705	2011-08-17 00:00:00	1	5		CTN	2011-08-17 00:00:00
107	379	1656	16	43.28	45.444	2011-08-04 00:00:00	1	5		CTN	2011-08-04 00:00:00
108	380	1536	15	41.16	43.218	2011-08-26 00:00:00	1	5	3	CTN	2011-08-26 00:00:00
109	380	1562	16	41.28	43.344	2011-08-22 00:00:00	1	5		CTN	2011-08-22 00:00:00
110	380	1656	16	39.21	41.1705	2011-08-10 00:00:00	1	5		CTN	2011-08-10 00:00:00
111	381	1536	15	45.23	47.4915	2011-08-26 00:00:00	1	5	3	CTN	2011-08-26 00:00:00
112	381	1562	16	37.21	39.0705	2011-08-22 00:00:00	1	5		CTN	2011-08-22 00:00:00
113	381	1656	16	37.21	39.0705	2011-08-10 00:00:00	1	5		CTN	2011-08-10 00:00:00
114	382	1536	15	41.21	43.2705	2011-08-01 00:00:00	1	5	3	CTN	2011-08-01 00:00:00
115	382	1562	16	35.21	36.9705	2011-08-28 00:00:00	1	5		CTN	2011-08-28 00:00:00
116	383	1536	15	45.28	47.544	2011-08-01 00:00:00	1	5		CTN	2011-08-01 00:00:00
117	383	1562	16	39.28	41.244	2011-08-28 00:00:00	1	5		CTN	2011-08-28 00:00:00
118	384	1536	15	41.21	43.2705	2011-08-01 00:00:00	1	5	3	CTN	2011-08-01 00:00:00
119	384	1562	16	35.21	36.9705	2011-08-28 00:00:00	1	5		CTN	2011-08-28 00:00:00
120	385	1536	15	39.21	41.1705	2011-08-07 00:00:00	1	5		CTN	2011-08-07 00:00:00
121	385	1562	16	41.16	43.218	2011-08-28 00:00:00	1	5		CTN	2011-08-28 00:00:00
122	386	1536	15	43.28	45.444	2011-08-07 00:00:00	1	5	3	CTN	2011-08-07 00:00:00
123	386	1562	16	45.23	47.4915	2011-08-04 00:00:00	1	5		CTN	2011-08-04 00:00:00
124	387	1536	15	39.21	41.1705	2011-08-07 00:00:00	1	5	3	CTN	2011-08-07 00:00:00
125	387	1562	16	41.21	43.2705	2011-08-04 00:00:00	1	5		CTN	2011-08-04 00:00:00
126	388	1536	15	37.21	39.0705	2011-08-07 00:00:00	1	5	3	CTN	2011-08-07 00:00:00
127	388	1562	16	45.28	47.544	2011-08-04 00:00:00	1	5		CTN	2011-08-04 00:00:00
128	389	1536	15	41.28	43.344	2011-08-07 00:00:00	1	5		CTN	2011-08-07 00:00:00
129	389	1562	16	41.21	43.2705	2011-08-04 00:00:00	1	5		CTN	2011-08-04 00:00:00
130	390	1536	15	37.21	39.0705	2011-08-07 00:00:00	1	5	3	CTN	2011-08-07 00:00:00
131	390	1562	16	39.21	41.1705	2011-08-04 00:00:00	1	5		CTN	2011-08-04 00:00:00
132	391	1536	15	35.21	36.9705	2011-08-07 00:00:00	1	5	3	CTN	2011-08-07 00:00:00
133	391	1562	16	43.28	45.444	2011-08-04 00:00:00	1	5		CTN	2011-08-04 00:00:00
134	392	1536	15	39.28	41.244	2011-08-07 00:00:00	1	5	3	CTN	2011-08-07 00:00:00
135	392	1562	16	39.21	41.1705	2011-08-04 00:00:00	1	5		CTN	2011-08-04 00:00:00
136	393	1536	15	35.21	36.9705	2011-08-07 00:00:00	1	5		CTN	2011-08-07 00:00:00
137	393	1562	16	37.21	39.0705	2011-08-04 00:00:00	1	5		CTN	2011-08-04 00:00:00
138	394	1536	15	41.16	43.218	2011-08-07 00:00:00	1	5	3	CTN	2011-08-07 00:00:00
139	394	1562	16	41.28	43.344	2011-08-04 00:00:00	1	5		CTN	2011-08-04 00:00:00
140	395	1536	15	45.23	47.4915	2011-08-07 00:00:00	1	5	3	CTN	2011-08-07 00:00:00
141	395	1562	16	37.21	39.0705	2011-08-04 00:00:00	1	5		CTN	2011-08-04 00:00:00
142	396	1536	15	41.21	43.2705	2011-08-07 00:00:00	1	5		CTN	2011-08-07 00:00:00
143	396	1562	16	35.21	36.9705	2011-08-04 00:00:00	1	5		CTN	2011-08-04 00:00:00
144	397	1536	15	45.28	47.544	2011-08-07 00:00:00	1	5		CTN	2011-08-07 00:00:00
145	397	1562	16	39.28	41.244	2011-08-04 00:00:00	1	5		CTN	2011-08-04 00:00:00
146	402	1648	15	45.21	47.4705	2011-08-26 00:00:00	1	5	3	CTN	2011-08-26 00:00:00
147	403	1616	17	45.21	47.4705	2011-08-06 00:00:00	1	5	3	CAN	2011-08-06 00:00:00
148	403	1672	15	43.21	45.3705	2011-08-20 00:00:00	1	5	3	CAN	2011-08-20 00:00:00
149	403	1686	19	43.28	45.444	2011-08-28 00:00:00	1	5		CAN	2011-08-28 00:00:00
150	404	1616	17	43.21	45.3705	2011-08-06 00:00:00	1	5	3	CAN	2011-08-06 00:00:00
151	404	1672	15	47.28	49.644	2011-08-20 00:00:00	1	5	3	CAN	2011-08-20 00:00:00
152	404	1686	19	39.21	41.1705	2011-08-28 00:00:00	1	5		CAN	2011-08-28 00:00:00
153	405	1616	17	47.28	49.644	2011-08-12 00:00:00	1	5	3	CAN	2011-08-12 00:00:00
154	405	1672	15	43.21	45.3705	2011-08-20 00:00:00	1	5	3	CAN	2011-08-20 00:00:00
155	405	1686	19	37.21	39.0705	2011-08-04 00:00:00	1	5		CAN	2011-08-04 00:00:00
156	406	1616	17	43.21	45.3705	2011-08-12 00:00:00	1	5	3	CAN	2011-08-12 00:00:00
157	406	1672	15	41.21	43.2705	2011-08-20 00:00:00	1	5	3	CAN	2011-08-20 00:00:00
158	406	1686	19	41.28	43.344	2011-08-04 00:00:00	1	5		CAN	2011-08-04 00:00:00
159	407	1616	17	41.21	43.2705	2011-08-12 00:00:00	1	5		CAN	2011-08-12 00:00:00
160	407	1672	15	45.28	47.544	2011-08-20 00:00:00	1	5		CAN	2011-08-20 00:00:00
161	407	1686	19	37.21	39.0705	2011-08-04 00:00:00	1	5		CAN	2011-08-04 00:00:00
162	408	1616	17	45.28	47.544	2011-08-19 00:00:00	1	5	3	CAN	2011-08-19 00:00:00
163	408	1672	15	41.21	43.2705	2011-08-20 00:00:00	1	5	3	CAN	2011-08-20 00:00:00
164	408	1686	19	35.21	36.9705	2011-08-10 00:00:00	1	5		CAN	2011-08-10 00:00:00
165	409	1616	17	41.21	43.2705	2011-08-19 00:00:00	1	5	3	CAN	2011-08-19 00:00:00
166	409	1672	15	39.21	41.1705	2011-08-26 00:00:00	1	5	3	CAN	2011-08-26 00:00:00
167	409	1686	19	39.28	41.244	2011-08-10 00:00:00	1	5		CAN	2011-08-10 00:00:00
168	410	1616	17	39.21	41.1705	2011-08-25 00:00:00	1	5	3	CAN	2011-08-25 00:00:00
169	410	1686	19	35.21	36.9705	2011-08-10 00:00:00	1	5		CAN	2011-08-10 00:00:00
170	411	1616	17	43.28	45.444	2011-08-25 00:00:00	1	5		CAN	2011-08-25 00:00:00
171	411	1686	19	33.21	34.8705	2011-08-10 00:00:00	1	5		CAN	2011-08-10 00:00:00
172	412	1616	17	39.21	41.1705	2011-08-25 00:00:00	1	5	3	CAN	2011-08-25 00:00:00
173	412	1686	19	37.28	39.144	2011-08-10 00:00:00	1	5		CAN	2011-08-10 00:00:00
174	413	1616	17	37.21	39.0705	2011-08-25 00:00:00	1	5		CAN	2011-08-25 00:00:00
175	413	1686	19	45.31	47.5755	2011-08-10 00:00:00	1	5		CAN	2011-08-10 00:00:00
176	414	1616	17	41.28	43.344	2011-07-24 00:00:00	1	5	3	CAN	2011-07-24 00:00:00
177	414	1686	19	43.31	45.4755	2011-08-17 00:00:00	1	5		CAN	2011-08-17 00:00:00
178	415	1616	17	37.21	39.0705	2011-07-24 00:00:00	1	5	3	CAN	2011-07-24 00:00:00
179	415	1686	19	47.38	49.749	2011-08-17 00:00:00	1	5		CAN	2011-08-17 00:00:00
180	416	1616	17	35.21	36.9705	2011-07-24 00:00:00	1	5	3	CAN	2011-07-24 00:00:00
181	416	1686	19	43.31	45.4755	2011-08-17 00:00:00	1	5		CAN	2011-08-17 00:00:00
182	417	1616	17	39.28	41.244	2011-07-24 00:00:00	1	5		CAN	2011-07-24 00:00:00
183	417	1686	19	41.31	43.3755	2011-08-17 00:00:00	1	5		CAN	2011-08-17 00:00:00
184	418	1616	17	35.21	36.9705	2011-07-31 00:00:00	1	5	3	CAN	2011-07-31 00:00:00
185	418	1686	19	45.38	47.649	2011-08-22 00:00:00	1	5		CAN	2011-08-22 00:00:00
186	419	1616	17	33.21	34.8705	2011-07-31 00:00:00	1	5	3	CAN	2011-07-31 00:00:00
187	419	1686	19	41.31	43.3755	2011-08-22 00:00:00	1	5		CAN	2011-08-22 00:00:00
188	420	1616	17	37.28	39.144	2011-07-31 00:00:00	1	5	3	CAN	2011-07-31 00:00:00
189	420	1686	19	39.31	41.2755	2011-08-22 00:00:00	1	5		CAN	2011-08-22 00:00:00
190	421	1616	17	45.31	47.5755	2011-07-31 00:00:00	1	5	3	CAN	2011-07-31 00:00:00
191	421	1686	19	43.38	45.549	2011-08-22 00:00:00	1	5		CAN	2011-08-22 00:00:00
192	422	1492	17	45.26	47.523	2011-08-12 00:00:00	1	5		CTN	2011-08-12 00:00:00
193	422	1534	19	45.41	47.6805	2011-08-17 00:00:00	1	5		CTN	2011-08-17 00:00:00
194	422	1666	16	45.41	47.6805	2011-08-21 00:00:00	1	5		CTN	2011-08-21 00:00:00
195	423	1492	17	43.26	45.423	2011-08-12 00:00:00	1	5		CTN	2011-08-12 00:00:00
196	423	1534	19	43.41	45.5805	2011-08-17 00:00:00	1	5		CTN	2011-08-17 00:00:00
197	423	1666	16	43.41	45.5805	2011-08-21 00:00:00	1	5		CTN	2011-08-21 00:00:00
198	424	1492	17	47.33	49.6965	2011-08-19 00:00:00	1	5		CTN	2011-08-19 00:00:00
199	424	1534	19	47.48	49.854	2011-08-17 00:00:00	1	5		CTN	2011-08-17 00:00:00
200	424	1666	16	47.48	49.854	2011-08-27 00:00:00	1	5		CTN	2011-08-27 00:00:00
201	425	1492	17	43.26	45.423	2011-08-19 00:00:00	1	5		CTN	2011-08-19 00:00:00
202	425	1534	19	43.41	45.5805	2011-08-17 00:00:00	1	5		CTN	2011-08-17 00:00:00
203	425	1666	16	43.41	45.5805	2011-08-27 00:00:00	1	5		CTN	2011-08-27 00:00:00
204	426	1492	17	41.26	43.323	2011-08-19 00:00:00	1	5		CTN	2011-08-19 00:00:00
205	426	1534	19	41.41	43.4805	2011-08-17 00:00:00	1	5		CTN	2011-08-17 00:00:00
206	426	1666	16	41.41	43.4805	2011-08-27 00:00:00	1	5		CTN	2011-08-27 00:00:00
207	427	1492	17	45.33	47.5965	2011-08-25 00:00:00	1	5		CTN	2011-08-25 00:00:00
208	427	1534	19	45.48	47.754	2011-08-22 00:00:00	1	5		CTN	2011-08-22 00:00:00
209	427	1666	16	45.48	47.754	2011-08-03 00:00:00	1	5		CTN	2011-08-03 00:00:00
210	428	1492	17	41.26	43.323	2011-08-25 00:00:00	1	5		CTN	2011-08-25 00:00:00
211	428	1534	19	41.41	43.4805	2011-08-22 00:00:00	1	5		CTN	2011-08-22 00:00:00
212	428	1666	16	41.41	43.4805	2011-08-03 00:00:00	1	5		CTN	2011-08-03 00:00:00
213	429	1492	17	39.26	41.223	2011-07-24 00:00:00	1	5		CTN	2011-07-24 00:00:00
214	429	1534	19	39.41	41.3805	2011-08-22 00:00:00	1	5		CTN	2011-08-22 00:00:00
215	429	1666	16	39.41	41.3805	2011-08-03 00:00:00	1	5		CTN	2011-08-03 00:00:00
216	430	1492	17	43.33	45.4965	2011-07-24 00:00:00	1	5		CTN	2011-07-24 00:00:00
217	430	1534	19	43.48	45.654	2011-08-22 00:00:00	1	5		CTN	2011-08-22 00:00:00
218	430	1666	16	43.48	45.654	2011-08-03 00:00:00	1	5		CTN	2011-08-03 00:00:00
219	431	1492	17	39.26	41.223	2011-07-24 00:00:00	1	5		CTN	2011-07-24 00:00:00
220	431	1534	19	39.41	41.3805	2011-08-22 00:00:00	1	5		CTN	2011-08-22 00:00:00
221	431	1666	16	39.41	41.3805	2011-08-03 00:00:00	1	5		CTN	2011-08-03 00:00:00
222	432	1492	17	37.26	39.123	2011-07-24 00:00:00	1	5		CTN	2011-07-24 00:00:00
223	432	1534	19	37.41	39.2805	2011-08-22 00:00:00	1	5		CTN	2011-08-22 00:00:00
224	432	1666	16	37.41	39.2805	2011-08-03 00:00:00	1	5		CTN	2011-08-03 00:00:00
225	433	1492	17	41.33	43.3965	2011-07-31 00:00:00	1	5		CTN	2011-07-31 00:00:00
226	433	1534	19	41.48	43.554	2011-08-28 00:00:00	1	5		CTN	2011-08-28 00:00:00
227	433	1666	16	41.48	43.554	2011-08-10 00:00:00	1	5		CTN	2011-08-10 00:00:00
228	434	1492	17	37.26	39.123	2011-07-31 00:00:00	1	5		CTN	2011-07-31 00:00:00
229	434	1534	19	37.41	39.2805	2011-08-28 00:00:00	1	5		CTN	2011-08-28 00:00:00
230	434	1666	16	37.41	39.2805	2011-08-10 00:00:00	1	5		CTN	2011-08-10 00:00:00
231	435	1492	17	35.26	37.023	2011-07-31 00:00:00	1	5		CTN	2011-07-31 00:00:00
232	435	1534	19	35.41	37.1805	2011-08-28 00:00:00	1	5		CTN	2011-08-28 00:00:00
233	435	1666	16	35.41	37.1805	2011-08-10 00:00:00	1	5		CTN	2011-08-10 00:00:00
234	436	1492	17	39.33	41.2965	2011-07-31 00:00:00	1	5		CTN	2011-07-31 00:00:00
235	436	1534	19	39.48	41.454	2011-08-28 00:00:00	1	5		CTN	2011-08-28 00:00:00
236	436	1666	16	39.48	41.454	2011-08-10 00:00:00	1	5		CTN	2011-08-10 00:00:00
237	437	1492	17	35.26	37.023	2011-08-06 00:00:00	1	5		CTN	2011-08-06 00:00:00
238	437	1534	19	35.41	37.1805	2011-08-10 00:00:00	1	5		CTN	2011-08-10 00:00:00
239	437	1666	16	35.41	37.1805	2011-08-17 00:00:00	1	5		CTN	2011-08-17 00:00:00
240	438	1540	17	39.26	41.223	2011-08-25 00:00:00	1	5		CTN	2011-08-25 00:00:00
241	438	1656	16	45.41	47.6805	2011-08-17 00:00:00	1	5		CTN	2011-08-17 00:00:00
242	439	1540	17	43.33	45.4965	2011-08-25 00:00:00	1	5		CTN	2011-08-25 00:00:00
243	439	1656	16	43.41	45.5805	2011-08-17 00:00:00	1	5		CTN	2011-08-17 00:00:00
244	440	1540	17	39.26	41.223	2011-08-06 00:00:00	1	5		CTN	2011-08-06 00:00:00
245	440	1656	16	47.48	49.854	2011-08-17 00:00:00	1	5		CTN	2011-08-17 00:00:00
246	441	1540	17	37.26	39.123	2011-08-06 00:00:00	1	5		CTN	2011-08-06 00:00:00
247	441	1656	16	43.41	45.5805	2011-08-17 00:00:00	1	5		CTN	2011-08-17 00:00:00
248	442	1540	17	41.33	43.3965	2011-08-06 00:00:00	1	5		CTN	2011-08-06 00:00:00
249	442	1656	16	41.41	43.4805	2011-08-22 00:00:00	1	5		CTN	2011-08-22 00:00:00
250	443	1540	17	37.26	39.123	2011-08-06 00:00:00	1	5		CTN	2011-08-06 00:00:00
251	443	1656	16	45.48	47.754	2011-08-22 00:00:00	1	5		CTN	2011-08-22 00:00:00
252	444	1540	17	35.26	37.023	2011-08-12 00:00:00	1	5		CTN	2011-08-12 00:00:00
253	444	1656	16	41.41	43.4805	2011-08-22 00:00:00	1	5		CTN	2011-08-22 00:00:00
254	445	1540	17	39.33	41.2965	2011-08-12 00:00:00	1	5		CTN	2011-08-12 00:00:00
255	445	1656	16	39.41	41.3805	2011-08-28 00:00:00	1	5		CTN	2011-08-28 00:00:00
256	446	1540	17	35.26	37.023	2011-08-12 00:00:00	1	5		CTN	2011-08-12 00:00:00
257	446	1656	16	43.48	45.654	2011-08-28 00:00:00	1	5		CTN	2011-08-28 00:00:00
258	447	1540	17	45.41	47.6805	2011-08-12 00:00:00	1	5		CTN	2011-08-12 00:00:00
259	447	1656	16	39.41	41.3805	2011-08-28 00:00:00	1	5		CTN	2011-08-28 00:00:00
260	448	1540	17	43.41	45.5805	2011-08-19 00:00:00	1	5		CTN	2011-08-19 00:00:00
261	448	1656	16	37.41	39.2805	2011-08-28 00:00:00	1	5		CTN	2011-08-28 00:00:00
262	449	1540	17	47.48	49.854	2011-08-19 00:00:00	1	5		CTN	2011-08-19 00:00:00
263	449	1656	16	41.48	43.554	2011-08-28 00:00:00	1	5		CTN	2011-08-28 00:00:00
264	450	1540	17	43.41	45.5805	2011-08-19 00:00:00	1	5		CTN	2011-08-19 00:00:00
265	450	1656	16	37.41	39.2805	2011-07-22 00:00:00	1	5		CTN	2011-07-22 00:00:00
266	451	1540	17	41.41	43.4805	2011-08-19 00:00:00	1	5		CTN	2011-08-19 00:00:00
267	451	1656	16	35.41	37.1805	2011-07-22 00:00:00	1	5		CTN	2011-07-22 00:00:00
268	452	1540	17	45.48	47.754	2011-08-19 00:00:00	1	5		CTN	2011-08-19 00:00:00
269	452	1656	16	39.48	41.454	2011-07-22 00:00:00	1	5		CTN	2011-07-22 00:00:00
270	453	1540	17	41.41	43.4805	2011-08-19 00:00:00	1	5		CTN	2011-08-19 00:00:00
271	453	1656	16	35.41	37.1805	2011-07-22 00:00:00	1	5		CTN	2011-07-22 00:00:00
272	454	1540	17	39.41	41.3805	2011-08-19 00:00:00	1	5		CTN	2011-08-19 00:00:00
273	454	1656	16	45.26	47.523	2011-07-22 00:00:00	1	5		CTN	2011-07-22 00:00:00
274	455	1540	17	43.48	45.654	2011-08-19 00:00:00	1	5		CTN	2011-08-19 00:00:00
275	455	1656	16	43.26	45.423	2011-07-22 00:00:00	1	5		CTN	2011-07-22 00:00:00
276	456	1540	17	39.41	41.3805	2011-08-19 00:00:00	1	5		CTN	2011-08-19 00:00:00
277	456	1656	16	47.33	49.6965	2011-07-22 00:00:00	1	5		CTN	2011-07-22 00:00:00
278	457	1540	17	37.41	39.2805	2011-08-19 00:00:00	1	5		CTN	2011-08-19 00:00:00
279	457	1656	16	43.26	45.423	2011-07-22 00:00:00	1	5		CTN	2011-07-22 00:00:00
280	458	1540	17	41.48	43.554	2011-08-19 00:00:00	1	5		CTN	2011-08-19 00:00:00
281	458	1656	16	41.26	43.323	2011-07-22 00:00:00	1	5		CTN	2011-07-22 00:00:00
282	459	1540	17	37.41	39.2805	2011-08-19 00:00:00	1	5		CTN	2011-08-19 00:00:00
283	459	1656	16	45.33	47.5965	2011-07-22 00:00:00	1	5		CTN	2011-07-22 00:00:00
284	460	1540	17	35.41	37.1805	2011-08-19 00:00:00	1	5		CTN	2011-08-19 00:00:00
285	460	1656	16	41.26	43.323	2011-07-22 00:00:00	1	5		CTN	2011-07-22 00:00:00
286	461	1540	17	39.48	41.454	2011-08-19 00:00:00	1	5		DZ 	2011-08-19 00:00:00
287	462	1510	18	45.41	47.6805	2011-08-27 00:00:00	1	5	3	CS 	2011-08-27 00:00:00
288	463	1582	18	45.26	47.523	2011-08-27 00:00:00	1	5		CAN	2011-08-27 00:00:00
289	464	1582	18	43.26	45.423	2011-08-27 00:00:00	1	5		CAN	2011-08-27 00:00:00
290	465	1582	18	47.33	49.6965	2011-08-27 00:00:00	1	5		CAN	2011-08-27 00:00:00
291	466	1582	18	43.26	45.423	2011-08-27 00:00:00	1	5		CAN	2011-08-27 00:00:00
292	467	1582	18	41.26	43.323	2011-08-08 00:00:00	1	5		CAN	2011-08-08 00:00:00
293	468	1582	18	45.33	47.5965	2011-08-14 00:00:00	1	5		CAN	2011-08-14 00:00:00
294	469	1582	18	41.26	43.323	2011-08-14 00:00:00	1	5		CAN	2011-08-14 00:00:00
295	470	1582	18	39.26	41.223	2011-08-14 00:00:00	1	5		CAN	2011-08-14 00:00:00
296	471	1582	18	43.33	45.4965	2011-08-14 00:00:00	1	5		CAN	2011-08-14 00:00:00
297	472	1582	18	39.26	41.223	2011-08-14 00:00:00	1	5		CAN	2011-08-14 00:00:00
298	473	1582	18	37.26	39.123	2011-08-21 00:00:00	1	5		CAN	2011-08-21 00:00:00
299	474	1582	18	41.33	43.3965	2011-08-21 00:00:00	1	5		CAN	2011-08-21 00:00:00
300	475	1582	18	37.26	39.123	2011-08-21 00:00:00	1	5		CAN	2011-08-21 00:00:00
301	476	1568	15	15.13	15.8865	2011-08-20 00:00:00	100	1000	300	EA 	2011-08-20 00:00:00
302	477	1568	15	11.11	11.6655	2011-08-20 00:00:00	100	1000	300	EA 	2011-08-20 00:00:00
303	478	1568	15	10.56	11.088	2011-08-26 00:00:00	100	1000		EA 	2011-08-26 00:00:00
304	479	1568	15	15.13	15.8865	2011-08-26 00:00:00	100	1000	300	EA 	2011-08-26 00:00:00
305	480	1568	15	11.11	11.6655	2011-08-26 00:00:00	100	1000		EA 	2011-08-26 00:00:00
306	481	1568	15	10.56	11.088	2011-08-13 00:00:00	100	1000	300	EA 	2011-08-13 00:00:00
307	482	1568	15	8.34	8.757	2011-08-13 00:00:00	100	1000	300	EA 	2011-08-13 00:00:00
308	483	1568	15	9.23	9.6915	2011-08-13 00:00:00	100	1000		EA 	2011-08-13 00:00:00
309	484	1568	15	6.55	6.8775	2011-08-13 00:00:00	100	1000	300	EA 	2011-08-13 00:00:00
310	485	1568	15	7.43	7.8015	2011-08-13 00:00:00	100	1000	300	EA 	2011-08-13 00:00:00
311	486	1568	15	8.34	8.757	2011-08-13 00:00:00	100	1000		EA 	2011-08-13 00:00:00
312	487	1568	15	5.53	5.8065	2011-08-13 00:00:00	100	1000	300	EA 	2011-08-13 00:00:00
313	488	1568	15	8.44	8.862	2011-08-13 00:00:00	100	1000	300	EA 	2011-08-13 00:00:00
314	489	1568	15	9.97	10.4685	2011-08-13 00:00:00	100	1000		EA 	2011-08-13 00:00:00
315	490	1592	16	12.11	12.7155	2011-08-27 00:00:00	1	5		CAN	2011-08-27 00:00:00
316	490	1662	16	11.77	12.3585	2011-08-28 00:00:00	1	5		CAN	2011-08-28 00:00:00
317	491	1548	15	19.03	19.9815	2011-08-26 00:00:00	1	5	3	CAN	2011-08-26 00:00:00
318	491	1592	16	18.99	19.9395	2011-08-27 00:00:00	1	5		CAN	2011-08-27 00:00:00
319	492	1584	16	48.33	50.7465	2011-08-21 00:00:00	20	100		GAL	2011-08-21 00:00:00
320	492	1692	17	47.87	50.2635	2011-08-19 00:00:00	20	100	60	GAL	2011-08-19 00:00:00
321	493	1584	16	55.49	58.2645	2011-08-21 00:00:00	20	100		GAL	2011-08-21 00:00:00
322	493	1692	17	54.43	57.1515	2011-08-19 00:00:00	20	100		GAL	2011-08-19 00:00:00
323	494	1584	16	48.33	50.7465	2011-08-27 00:00:00	20	100		GAL	2011-08-27 00:00:00
324	494	1692	17	50.67	53.2035	2011-08-25 00:00:00	20	100	60	GAL	2011-08-25 00:00:00
325	495	1584	16	59.93	62.9265	2011-08-27 00:00:00	20	100		GAL	2011-08-27 00:00:00
326	495	1692	17	60.66	63.693	2011-08-25 00:00:00	20	100		GAL	2011-08-25 00:00:00
327	496	1584	16	47.29	49.6545	2011-08-27 00:00:00	20	100		GAL	2011-08-27 00:00:00
328	496	1692	17	46.58	48.909	2011-08-25 00:00:00	20	100		GAL	2011-08-25 00:00:00
329	497	1566	17	32.56	34.188	2011-08-25 00:00:00	1	5	3	CS 	2011-08-25 00:00:00
330	504	1690	17	46.44	48.762	2011-08-25 00:00:00	1	5	3	CS 	2011-08-25 00:00:00
331	505	1612	16	42.11	44.2155	2011-08-28 00:00:00	1	5	3	CS 	2011-08-28 00:00:00
332	506	1504	15	8.76	9.198	2011-08-26 00:00:00	20	100	60	DZ 	2011-08-26 00:00:00
333	507	1530	15	22.28	23.394	2011-08-26 00:00:00	100	1000		EA 	2011-08-26 00:00:00
334	507	1624	15	21.11	22.1655	2011-08-26 00:00:00	100	1000		EA 	2011-08-26 00:00:00
335	508	1530	15	26.33	27.6465	2011-08-26 00:00:00	100	1000		EA 	2011-08-26 00:00:00
336	508	1624	15	27.89	29.2845	2011-08-26 00:00:00	100	1000		EA 	2011-08-26 00:00:00
337	509	1680	16	34.55	36.2775	2011-08-27 00:00:00	100	1000		EA 	2011-08-27 00:00:00
338	510	1526	18	22.29	23.4045	2011-08-27 00:00:00	100	1000		EA 	2011-08-27 00:00:00
339	510	1646	15	21.98	23.079	2011-08-26 00:00:00	100	1000	300	EA 	2011-08-26 00:00:00
340	511	1526	18	26.54	27.867	2011-08-27 00:00:00	100	1000		EA 	2011-08-27 00:00:00
341	511	1646	15	27.88	29.274	2011-08-26 00:00:00	100	1000	300	EA 	2011-08-26 00:00:00
342	512	1646	15	33.31	34.9755	2011-08-26 00:00:00	100	1000	300	EA 	2011-08-26 00:00:00
343	512	1654	17	35.32	37.086	2011-08-25 00:00:00	100	1000		EA 	2011-08-25 00:00:00
344	513	1664	17	25.33	26.5965	2011-08-25 00:00:00	100	1000		EA 	2011-08-25 00:00:00
345	513	1682	19	37.33	39.1965	2011-08-28 00:00:00	100	1000		EA 	2011-08-28 00:00:00
346	523	1560	17	10.22	10.731	2011-08-25 00:00:00	100	1000	300	EA 	2011-08-25 00:00:00
347	523	1620	16	9.89	10.3845	2011-08-27 00:00:00	100	1000		EA 	2011-08-27 00:00:00
348	524	1560	17	13.45	14.1225	2011-08-25 00:00:00	100	1000	300	EA 	2011-08-25 00:00:00
349	524	1626	18	12.35	12.9675	2011-08-27 00:00:00	100	1000		EA 	2011-08-27 00:00:00
350	525	1600	15	2.21	2.3205	2011-08-26 00:00:00	100	1000		EA 	2011-08-26 00:00:00
351	526	1522	15	3.47	3.6435	2011-08-26 00:00:00	100	1000		EA 	2011-08-26 00:00:00
352	527	1644	18	6.43	6.7515	2011-08-27 00:00:00	100	1000		DZ 	2011-08-27 00:00:00
353	528	1618	16	36.34	38.157	2011-08-28 00:00:00	1	5		CTN	2011-08-28 00:00:00
354	530	1494	17	15.32	16.086	2011-08-29 00:00:00	100	1000		EA 	2011-08-29 00:00:00
355	535	1508	15	3.32	3.486	2011-08-26 00:00:00	100	1000		EA 	2011-08-26 00:00:00
356	679	1544	15	5.5	5.775	2011-08-20 00:00:00	100	1000	300	EA 	2011-08-20 00:00:00
357	679	1694	15	5.9	6.195	2011-08-26 00:00:00	100	1000	300	EA 	2011-08-26 00:00:00
358	707	1520	30	13.25	13.0863	2014-03-13 00:00:00	4	200	25	EA 	2015-08-12 12:20:28.330000000
359	708	1520	30	13.25	13.0863	2014-09-22 00:00:00	4	200	25	EA 	2015-08-12 12:20:28.330000000
360	709	1574	12	3.1	3.4	2014-10-22 00:00:00	100	500	150	EA 	2015-08-12 12:20:28.330000000
361	710	1574	12	3.12	3.4	2014-10-22 00:00:00	100	500	150	EA 	2015-08-12 12:20:28.330000000
362	711	1520	45	13.88	13.08	2014-07-02 00:00:00	50	750	300	EA 	2015-08-12 12:20:28.330000000
363	712	1636	45	6.55	6.92	2014-06-13 00:00:00	100	1000	630	EA 	2015-08-12 12:20:28.330000000
364	713	1636	45	37.45	38.49	2013-12-03 00:00:00	100	1000	600	EA 	2015-08-12 12:20:28.330000000
365	714	1636	45	37.8	38.49	2013-12-03 00:00:00	100	1000	350	EA 	2015-08-12 12:20:28.330000000
366	715	1636	45	37.8	38.49	2013-12-03 00:00:00	100	1000	100	EA 	2015-08-12 12:20:28.330000000
367	716	1636	45	38.05	38.75	2013-12-03 00:00:00	100	1000	750	EA 	2015-08-12 12:20:28.330000000
368	841	1636	60	26.75	24.75	2014-02-26 00:00:00	75	500	300	EA 	2015-08-12 12:20:28.330000000
369	842	1518	120	54.2	51.56	2014-02-17 00:00:00	100	600	225	EA 	2015-08-12 12:20:28.330000000
370	843	1518	10	8.5	10.31	2014-01-11 00:00:00	50	200	75	EA 	2015-08-12 12:20:28.330000000
371	844	1518	25	8.5	8.25	2014-01-11 00:00:00	150	500	300	EA 	2015-08-12 12:20:28.330000000
372	845	1518	25	10.75	10.3	2014-01-11 00:00:00	150	500	250	EA 	2015-08-12 12:20:28.330000000
373	846	1518	30	4.5	5.77	2014-01-11 00:00:00	150	500	175	EA 	2015-08-12 12:20:28.330000000
374	847	1518	30	14.5	4.43	2014-01-11 00:00:00	150	500	150	EA 	2015-08-12 12:20:28.330000000
375	848	1518	45	15.75	18.56	2014-01-11 00:00:00	50	300	150	EA 	2015-08-12 12:20:28.330000000
376	849	1594	45	24.75	24.75	2014-03-31 00:00:00	5000	10000	5000	EA 	2015-08-12 12:20:28.330000000
377	850	1594	45	24.75	24.75	2014-03-31 00:00:00	5000	10000	5000	EA 	2015-08-12 12:20:28.330000000
378	851	1594	45	24.75	24.75	2014-03-31 00:00:00	5000	10000	5000	EA 	2015-08-12 12:20:28.330000000
379	852	1594	60	32.35	30.94	2014-05-14 00:00:00	500	8000	750	EA 	2015-08-12 12:20:28.330000000
380	853	1594	60	32.35	30.94	2014-05-14 00:00:00	500	8000	750	EA 	2015-08-12 12:20:28.330000000
381	854	1594	60	32.35	30.94	2014-05-14 00:00:00	500	8000	750	EA 	2015-08-12 12:20:28.330000000
382	855	1594	60	38.5	37.1	2014-05-14 00:00:00	500	5000	1050	EA 	2015-08-12 12:20:28.330000000
383	856	1594	60	37.5	37.1	2014-05-14 00:00:00	500	5000	1000	EA 	2015-08-12 12:20:28.343000000
384	857	1594	60	37.5	37.1	2014-05-14 00:00:00	500	5000	1000	EA 	2015-08-12 12:20:28.343000000
385	858	1676	15	8.75	9.15	2014-05-22 00:00:00	500	5000	700	EA 	2015-08-12 12:20:28.343000000
386	859	1676	15	8.75	9.15	2014-05-22 00:00:00	500	5000	700	EA 	2015-08-12 12:20:28.343000000
387	860	1676	15	8.75	9.15	2014-05-22 00:00:00	500	5000	700	EA 	2015-08-12 12:20:28.343000000
388	861	1676	25	15.5	15.67	2014-05-22 00:00:00	500	5000	900	EA 	2015-08-12 12:20:28.343000000
389	862	1676	25	15.5	15.67	2014-05-22 00:00:00	500	5000	900	EA 	2015-08-12 12:20:28.343000000
390	863	1676	25	15.5	15.67	2014-05-22 00:00:00	500	5000	900	EA 	2015-08-12 12:20:28.343000000
391	864	1676	35	23.2	23.75	2014-05-22 00:00:00	1000	7500	1250	EA 	2015-08-12 12:20:28.343000000
392	865	1676	35	23.2	23.75	2014-05-22 00:00:00	1000	7500	1250	EA 	2015-08-12 12:20:28.343000000
393	866	1676	35	23.2	23.75	2014-05-22 00:00:00	1000	7500	1250	EA 	2015-08-12 12:20:28.343000000
394	867	1676	25	25.45	26.18	2014-05-22 00:00:00	1000	7500	2000	EA 	2015-08-12 12:20:28.343000000
395	868	1676	25	25.45	26.18	2014-05-22 00:00:00	1000	7500	2000	EA 	2015-08-12 12:20:28.343000000
396	869	1676	25	25.45	26.18	2014-05-22 00:00:00	1000	7500	2000	EA 	2015-08-12 12:20:28.343000000
397	870	1546	45	1.87	1.87	2013-12-09 00:00:00	500	2500	1500	EA 	2015-08-12 12:20:28.343000000
398	871	1546	45	3.74	3.74	2013-12-09 00:00:00	500	2500	500	EA 	2015-08-12 12:20:28.343000000
399	872	1546	45	3	3.36	2013-12-09 00:00:00	500	2500	1000	EA 	2015-08-12 12:20:28.343000000
400	873	1546	45	0.8	0.86	2013-12-09 00:00:00	1500	15000	8000	EA 	2015-08-12 12:20:28.343000000
401	874	1574	25	3	2.36	2013-12-09 00:00:00	1500	15000	8000	EA 	2015-08-12 12:20:28.343000000
402	875	1574	25	3	2.36	2013-12-09 00:00:00	1500	15000	8000	EA 	2015-08-12 12:20:28.343000000
403	876	1546	45	48	33.88	2014-07-24 00:00:00	100	500	250	EA 	2015-08-12 12:20:28.343000000
404	877	1546	45	3	2.97	2014-07-24 00:00:00	100	500	150	EA 	2015-08-12 12:20:28.343000000
405	878	1546	45	8.22	8.22	2014-07-24 00:00:00	100	500	150	EA 	2015-08-12 12:20:28.343000000
406	879	1546	45	49	59.46	2014-07-24 00:00:00	100	500	400	EA 	2015-08-12 12:20:28.343000000
407	880	1546	45	19	20.56	2014-07-24 00:00:00	500	1500	1000	EA 	2015-08-12 12:20:28.343000000
408	881	1636	30	40	41.57	2014-07-24 00:00:00	5000	10000	6000	EA 	2015-08-12 12:20:28.343000000
409	882	1636	30	40	41.57	2014-07-24 00:00:00	5000	10000	6000	EA 	2015-08-12 12:20:28.343000000
410	883	1636	30	40	41.57	2014-07-24 00:00:00	5000	10000	6000	EA 	2015-08-12 12:20:28.343000000
411	884	1636	30	40	41.57	2014-07-24 00:00:00	5000	10000	6000	EA 	2015-08-12 12:20:28.343000000
412	907	1576	19	78.89	82.8345	2011-08-29 00:00:00	100	1000		EA 	2011-08-29 00:00:00
413	908	1570	15	20.09	21.0945	2011-08-27 00:00:00	100	1000		EA 	2011-08-27 00:00:00
414	908	1696	17	20.09	21.0945	2011-08-13 00:00:00	100	1000		EA 	2011-08-13 00:00:00
415	909	1570	15	28.99	30.4395	2011-08-27 00:00:00	100	1000	300	EA 	2011-08-27 00:00:00
416	909	1696	17	28.99	30.4395	2011-08-13 00:00:00	100	1000		EA 	2011-08-13 00:00:00
417	910	1610	18	38.99	40.9395	2011-08-27 00:00:00	100	1000	300	EA 	2011-08-27 00:00:00
418	910	1696	17	38.99	40.9395	2011-08-20 00:00:00	100	1000		EA 	2011-08-20 00:00:00
419	911	1542	18	20.09	21.0945	2011-08-27 00:00:00	100	1000		EA 	2011-08-27 00:00:00
420	911	1696	17	20.09	21.0945	2011-08-20 00:00:00	100	1000		EA 	2011-08-20 00:00:00
421	912	1542	18	28.99	30.4395	2011-08-27 00:00:00	100	1000		EA 	2011-08-27 00:00:00
422	912	1696	17	28.99	30.4395	2011-08-20 00:00:00	100	1000		EA 	2011-08-20 00:00:00
423	913	1570	15	38.99	40.9395	2011-08-27 00:00:00	100	1000	300	EA 	2011-08-27 00:00:00
424	913	1696	17	38.99	40.9395	2011-08-25 00:00:00	100	1000		EA 	2011-08-25 00:00:00
425	914	1672	15	20.09	21.0945	2011-08-26 00:00:00	100	1000		EA 	2011-08-26 00:00:00
426	914	1696	17	20.09	21.0945	2011-08-25 00:00:00	100	1000		EA 	2011-08-25 00:00:00
427	915	1672	15	28.99	30.4395	2011-08-26 00:00:00	100	1000	300	EA 	2011-08-26 00:00:00
428	915	1696	17	28.99	30.4395	2011-08-06 00:00:00	100	1000		EA 	2011-08-06 00:00:00
429	916	1672	15	38.99	40.9395	2011-08-26 00:00:00	100	1000		EA 	2011-08-26 00:00:00
430	916	1696	17	38.99	40.9395	2011-08-06 00:00:00	100	1000		EA 	2011-08-06 00:00:00
431	921	1498	19	5.32	5.586	2011-08-29 00:00:00	100	1000		EA 	2011-08-29 00:00:00
432	922	1652	19	6.22	6.531	2011-08-29 00:00:00	100	1000		EA 	2011-08-29 00:00:00
433	923	1652	19	5.89	6.1845	2011-08-29 00:00:00	100	1000		EA 	2011-08-29 00:00:00
434	928	1538	19	30.71	32.2455	2011-08-29 00:00:00	100	1000		EA 	2011-08-29 00:00:00
435	928	1632	19	31.21	32.7705	2011-08-28 00:00:00	100	1000		EA 	2011-08-28 00:00:00
436	929	1538	19	34.82	36.561	2011-08-29 00:00:00	100	1000		EA 	2011-08-29 00:00:00
437	929	1632	19	35.32	37.086	2011-08-28 00:00:00	100	1000		EA 	2011-08-28 00:00:00
438	930	1498	19	40.49	42.5145	2011-08-29 00:00:00	100	1000		EA 	2011-08-29 00:00:00
439	930	1632	19	40.99	43.0395	2011-08-28 00:00:00	100	1000		EA 	2011-08-28 00:00:00
440	931	1588	19	32.71	34.3455	2011-08-28 00:00:00	100	1000		EA 	2011-08-28 00:00:00
441	931	1684	19	33.21	34.8705	2011-08-28 00:00:00	100	1000		EA 	2011-08-28 00:00:00
442	932	1588	19	37.37	39.2385	2011-08-28 00:00:00	100	1000		EA 	2011-08-28 00:00:00
443	932	1684	19	37.87	39.7635	2011-08-28 00:00:00	100	1000		EA 	2011-08-28 00:00:00
444	933	1652	19	41.39	43.4595	2011-08-29 00:00:00	100	1000		EA 	2011-08-29 00:00:00
445	933	1684	19	41.89	43.9845	2011-08-28 00:00:00	100	1000		EA 	2011-08-28 00:00:00
446	934	1652	19	35.83	37.6215	2011-08-29 00:00:00	100	1000		EA 	2011-08-29 00:00:00
447	934	1684	19	36.33	38.1465	2011-08-28 00:00:00	100	1000		EA 	2011-08-28 00:00:00
448	935	1506	18	29.99	31.4895	2011-08-27 00:00:00	100	1000	300	EA 	2011-08-27 00:00:00
449	935	1658	15	29.99	31.4895	2011-08-26 00:00:00	100	1000		EA 	2011-08-26 00:00:00
450	936	1506	18	45.99	48.2895	2011-08-27 00:00:00	100	1000	300	EA 	2011-08-27 00:00:00
451	936	1658	15	45.99	48.2895	2011-08-26 00:00:00	100	1000		EA 	2011-08-26 00:00:00
452	937	1638	18	59.99	62.9895	2011-08-27 00:00:00	100	1000	300	EA 	2011-08-27 00:00:00
453	938	1586	16	29.99	31.4895	2011-08-28 00:00:00	100	1000	300	EA 	2011-08-28 00:00:00
454	938	1680	16	29.99	31.4895	2011-08-27 00:00:00	100	1000		EA 	2011-08-27 00:00:00
455	939	1586	16	45.99	48.2895	2011-08-28 00:00:00	100	1000	300	EA 	2011-08-28 00:00:00
456	939	1680	16	45.99	48.2895	2011-08-27 00:00:00	100	1000		EA 	2011-08-27 00:00:00
457	940	1508	15	59.99	62.9895	2011-08-26 00:00:00	100	1000		EA 	2011-08-26 00:00:00
458	941	1628	17	59.99	62.9895	2011-08-25 00:00:00	100	1000		EA 	2011-08-25 00:00:00
459	948	1576	19	78.89	82.8345	2011-08-29 00:00:00	100	1000		EA 	2011-08-29 00:00:00
460	952	1674	19	14.99	15.7395	2011-08-29 00:00:00	20	100	60	DZ 	2011-08-29 00:00:00